"id_cell","Layer","radius","centroidx","centroidy","n_vertices","vert1x","vert2x","vert3x","vert4x","vert5x","vert6x","vert7x","vert8x","vert9x","vert10x","vert11x","vert1y","vert2y","vert3y","vert4y","vert5y","vert6y","vert7y","vert8y","vert9y","vert10y","vert11y"
101,1,0.795774715459477,6.772611,13.209694,6,6.650322,6.001685,6.209687,6.691717,7.141683,7.306034,NA,NA,NA,NA,NA,13.930285,13.524702,12.954366,12.588062,12.676245,12.924729,NA,NA,NA,NA,NA
102,1,0.795774715459477,6.851491,6.746229,4,7.48606,6.72649,6.287202,7.051366,NA,NA,NA,NA,NA,NA,NA,6.940097,7.331267,6.362245,6.10813,NA,NA,NA,NA,NA,NA,NA
103,1,0.795774715459477,7.02715,5.249273,5,7.610768,7.15171,6.428702,7.123501,7.680562,NA,NA,NA,NA,NA,NA,5.620999,5.907983,5.106947,4.611202,5.121986,NA,NA,NA,NA,NA,NA
104,1,0.795774715459477,9.013222,19.617605,5,9.445547,8.436374,8.544454,8.759939,9.535625,NA,NA,NA,NA,NA,NA,20,20,19.091204,18.957036,19.448514,NA,NA,NA,NA,NA,NA
105,1,0.795774715459477,6.114466,12.343622,5,6.691717,6.209687,5.583283,5.588076,6.432916,NA,NA,NA,NA,NA,NA,12.588062,12.954366,12.248651,11.966496,11.824762,NA,NA,NA,NA,NA,NA
106,1,0.795774715459477,9.918655,3.919742,7,10.575058,10.503094,10.249254,9.184024,9.129367,9.733489,10.321089,NA,NA,NA,NA,4.558581,4.755089,4.742588,4.054162,3.577224,3.237177,3.632346,NA,NA,NA,NA
107,1,0.795774715459477,9.786861,2.158741,5,9.522418,9.391749,10.436124,10.636243,10.88397,NA,NA,NA,NA,NA,NA,2.447461,2.322608,0.589782,0.850165,1.516176,NA,NA,NA,NA,NA,NA
108,1,0.795774715459477,8.244015,8.911932,6,8.752916,8.357711,7.848773,7.912837,8.141174,8.783156,NA,NA,NA,NA,NA,9.091129,9.444044,9.296944,8.282248,8.244584,8.598941,NA,NA,NA,NA,NA
109,1,0.795774715459477,7.839108,18.509078,5,8.139038,7.273932,7.097834,7.382275,8.00596,NA,NA,NA,NA,NA,NA,18.970653,19.08161,18.662837,18.048987,18.144159,NA,NA,NA,NA,NA,NA
110,1,0.795774715459477,5.049182,12.325528,6,5.023284,4.756797,4.587433,5.318554,5.588076,5.583283,NA,NA,NA,NA,NA,12.934218,12.815098,11.880501,11.689048,11.966496,12.248651,NA,NA,NA,NA,NA
111,1,0.795774715459477,6.071648,19.156579,6,6.42867,5.826193,5.270647,5.315098,5.392773,6.193046,NA,NA,NA,NA,NA,20,20,19.016775,18.73417,18.651639,18.689905,NA,NA,NA,NA,NA
112,1,0.795774715459477,5.86237,15.292821,6,5.544741,5.065758,4.983704,6.054583,6.269383,6.414446,NA,NA,NA,NA,NA,16.317496,15.95764,15.579915,14.843987,14.888374,15.18892,NA,NA,NA,NA,NA
113,1,0.795774715459477,8.760658,7.97594,6,9.473912,8.783156,8.141174,8.577602,8.985789,9.344708,NA,NA,NA,NA,NA,8.240124,8.598941,8.244584,7.433761,7.381954,7.658142,NA,NA,NA,NA,NA
114,1,0.795774715459477,7.275351,7.569275,7,7.641578,7.047363,6.5871,6.589727,6.72649,7.48606,7.657733,NA,NA,NA,NA,8.172719,8.278056,7.804588,7.607925,7.331267,6.940097,6.996464,NA,NA,NA,NA
115,1,0.795774715459477,9.24603,2.724766,9,9.841538,9.733489,9.129367,8.770747,8.60885,8.971583,9.112795,9.391749,9.522418,NA,NA,2.935822,3.237177,3.577224,3.364889,2.935539,2.333634,2.286878,2.322608,2.447461,NA,NA
116,1,0.795774715459477,8.281927,0.174944,6,9.271327,8.44991,7.746952,7.65614,10.2141,10.205491,NA,NA,NA,NA,NA,0.753442,1.08398,0.552279,0,0,0.17281,NA,NA,NA,NA,NA
117,1,0.795774715459477,8.657933,15.313789,5,8.555847,8.09298,8.238437,8.719545,9.355083,NA,NA,NA,NA,NA,NA,15.835414,15.444638,15.022426,14.589164,14.95455,NA,NA,NA,NA,NA,NA
118,1,0.795774715459477,9.887368,2.305684,6,10.642279,9.841538,9.522418,10.88397,11.055702,11.056653,NA,NA,NA,NA,NA,2.416757,2.935822,2.447461,1.516176,1.894449,1.931837,NA,NA,NA,NA,NA
119,1,0.795774715459477,6.332419,8.48591,6,6.857439,6.389249,6.025893,6.055961,6.5871,7.047363,NA,NA,NA,NA,NA,8.865132,9.109661,8.994387,8.04719,7.804588,8.278056,NA,NA,NA,NA,NA
120,1,0.795774715459477,8.947109,13.652472,6,9.374048,8.622762,8.093817,8.116726,8.916877,9.049888,NA,NA,NA,NA,NA,13.73963,14.271987,13.724506,13.41464,12.99109,13.031677,NA,NA,NA,NA,NA
121,1,0.795774715459477,9.977077,19.775038,4,10.826193,9.445547,9.535625,10.270647,NA,NA,NA,NA,NA,NA,NA,20,20,19.448514,19.016775,NA,NA,NA,NA,NA,NA,NA
122,1,0.795774715459477,5.983236,9.586576,7,6.449052,5.929802,5.625672,5.40506,5.763155,6.025893,6.389249,NA,NA,NA,NA,9.826328,10.25275,10.115734,9.539636,9.048621,8.994387,9.109661,NA,NA,NA,NA
123,1,0.795774715459477,8.87362,9.616983,5,9.386639,8.561057,8.357711,8.752916,9.506722,NA,NA,NA,NA,NA,NA,9.964234,10.285698,9.444044,9.091129,9.568638,NA,NA,NA,NA,NA,NA
124,1,0.795774715459477,5.869709,3.145114,5,5.827364,5.656008,5.642279,6.056653,6.42412,NA,NA,NA,NA,NA,NA,3.408181,3.390086,2.416757,1.931837,2.493116,NA,NA,NA,NA,NA,NA
125,1,0.795774715459477,6.454653,15.749247,6,6.564859,6.541071,5.555751,5.544741,6.414446,6.934856,NA,NA,NA,NA,NA,16.42625,16.435829,16.334654,16.317496,15.18892,15.40461,NA,NA,NA,NA,NA
126,1,0.795774715459477,6.86869,9.512688,6,7.356018,6.982596,6.449052,6.389249,6.857439,7.479888,NA,NA,NA,NA,NA,9.905262,10.005903,9.826328,9.109661,8.865132,9.477,NA,NA,NA,NA,NA
127,1,0.795774715459477,5.006123,9.960754,6,5.625672,4.866231,4.386639,4.506722,4.718758,5.40506,NA,NA,NA,NA,NA,10.115734,10.567543,9.964234,9.568638,9.412342,9.539636,NA,NA,NA,NA,NA
128,1,0.795774715459477,6.48879,4.494749,7,6.428702,5.731015,5.503094,5.575058,6.39612,7.114292,7.123501,NA,NA,NA,NA,5.106947,5.118579,4.755089,4.558581,3.88312,4.276644,4.611202,NA,NA,NA,NA
129,1,0.795774715459477,9.363233,4.779169,5,9.405968,8.893339,8.634836,9.184024,10.249254,NA,NA,NA,NA,NA,NA,5.27813,5.227721,4.790825,4.054162,4.742588,NA,NA,NA,NA,NA,NA
130,1,0.795774715459477,7.001265,12.042948,6,7.570418,7.141683,6.691717,6.432916,6.772481,6.877334,NA,NA,NA,NA,NA,12.014257,12.676245,12.588062,11.824762,11.241506,11.250328,NA,NA,NA,NA,NA
131,1,0.795774715459477,7.654192,11.450573,5,7.913237,7.570418,6.877334,7.948117,7.967342,NA,NA,NA,NA,NA,NA,11.975795,12.014257,11.250328,10.668452,10.672297,NA,NA,NA,NA,NA,NA
132,1,0.795774715459477,8.497543,2.273697,5,8.971583,8.60885,7.864516,7.87987,8.238297,NA,NA,NA,NA,NA,NA,2.333634,2.935539,2.527717,1.838919,1.524605,NA,NA,NA,NA,NA,NA
133,1,0.795774715459477,7.11932,0.366113,7,7.746952,7.213694,5.636243,5.436124,5.205491,5.2141,7.65614,NA,NA,NA,NA,0.552279,0.824435,0.850165,0.589782,0.17281,0,0,NA,NA,NA,NA
134,1,0.795774715459477,5.614556,12.787349,6,6.001685,5.802782,5.366154,5.023284,5.583283,6.209687,NA,NA,NA,NA,NA,13.524702,13.580688,13.550022,12.934218,12.248651,12.954366,NA,NA,NA,NA,NA
135,1,0.795774715459477,8.278925,18.43826,7,8.759939,8.544454,8.139038,8.00596,8.719178,9.023771,9.057237,NA,NA,NA,NA,18.957036,19.091204,18.970653,18.144159,17.810941,18.078501,18.199559,NA,NA,NA,NA
136,1,0.795774715459477,8.214918,11.473847,5,8.118581,7.913237,7.967342,8.370854,8.864051,NA,NA,NA,NA,NA,NA,12.059713,11.975795,10.672297,10.613937,11.173336,NA,NA,NA,NA,NA,NA
137,1,0.795774715459477,9.243525,10.56697,7,9.854306,9.056846,8.864051,8.370854,8.561057,9.386639,9.866231,NA,NA,NA,NA,10.654761,11.257186,11.173336,10.613937,10.285698,9.964234,10.567543,NA,NA,NA,NA
138,1,0.795774715459477,5.466235,10.734151,6,6.124899,5.370613,4.854306,4.866231,5.625672,5.929802,NA,NA,NA,NA,NA,10.796817,11.328547,10.654761,10.567543,10.115734,10.25275,NA,NA,NA,NA,NA
139,1,0.795774715459477,7.965301,19.49298,5,8.436374,7.023472,7.273932,8.139038,8.544454,NA,NA,NA,NA,NA,NA,20,20,19.08161,18.970653,19.091204,NA,NA,NA,NA,NA,NA
140,1,0.795774715459477,7.977666,9.833448,8,8.561057,8.370854,7.967342,7.948117,7.356018,7.479888,7.848773,8.357711,NA,NA,NA,10.285698,10.613937,10.672297,10.668452,9.905262,9.477,9.296944,9.444044,NA,NA,NA
141,1,0.795774715459477,9.314764,14.171323,7,9.84983,9.670356,9.355083,8.719545,8.622762,9.374048,9.955589,NA,NA,NA,NA,14.68155,15.006607,14.95455,14.589164,14.271987,13.73963,13.934644,NA,NA,NA,NA
142,1,0.795774715459477,8.386937,12.594222,5,8.916877,8.116726,8.023328,8.122431,8.82257,NA,NA,NA,NA,NA,NA,12.99109,13.41464,13.301935,12.064814,12.34524,NA,NA,NA,NA,NA,NA
143,1,0.795774715459477,8.43803,4.089423,6,8.634836,8.354155,7.852121,8.770747,9.129367,9.184024,NA,NA,NA,NA,NA,4.790825,4.756313,3.825388,3.364889,3.577224,4.054162,NA,NA,NA,NA,NA
144,1,0.795774715459477,7.750844,4.460012,6,8.354155,7.680562,7.123501,7.114292,7.631643,7.852121,NA,NA,NA,NA,NA,4.756313,5.121986,4.611202,4.276644,3.783409,3.825388,NA,NA,NA,NA,NA
145,1,0.795774715459477,7.992447,14.574812,6,8.719545,8.238437,7.367892,7.322947,8.093817,8.622762,NA,NA,NA,NA,NA,14.589164,15.022426,14.473731,14.263471,13.724506,14.271987,NA,NA,NA,NA,NA
146,1,0.795774715459477,9.279927,8.975579,6,9.718758,9.506722,8.752916,8.783156,9.473912,9.750063,NA,NA,NA,NA,NA,9.412342,9.568638,9.091129,8.598941,8.240124,8.397694,NA,NA,NA,NA,NA
147,1,0.795774715459477,5.435483,3.151239,5,5.656008,5.321089,4.733489,4.841538,5.642279,NA,NA,NA,NA,NA,NA,3.390086,3.632346,3.237177,2.935822,2.416757,NA,NA,NA,NA,NA,NA
148,1,0.795774715459477,7.728498,14.993586,5,8.09298,7.589748,7.19833,7.367892,8.238437,NA,NA,NA,NA,NA,NA,15.444638,15.605989,15.349026,14.473731,15.022426,NA,NA,NA,NA,NA,NA
149,1,0.795774715459477,9.352091,1.896705,5,9.391749,9.112795,9.271327,10.205491,10.436124,NA,NA,NA,NA,NA,NA,2.322608,2.286878,0.753442,0.17281,0.589782,NA,NA,NA,NA,NA,NA
150,1,0.795774715459477,8.612292,16.66805,6,9.131594,8.573632,7.79948,7.781842,8.639996,9.2306,NA,NA,NA,NA,NA,16.783878,17.383568,16.911944,16.821327,16.084277,16.355844,NA,NA,NA,NA,NA
151,1,0.795774715459477,7.777019,12.545364,7,8.023328,7.306034,7.141683,7.570418,7.913237,8.118581,8.122431,NA,NA,NA,NA,13.301935,12.924729,12.676245,12.014257,11.975795,12.059713,12.064814,NA,NA,NA,NA
152,1,0.795774715459477,9.771804,11.266278,6,10.318554,9.587433,9.347321,9.056846,9.854306,10.370613,NA,NA,NA,NA,NA,11.689048,11.880501,11.787797,11.257186,10.654761,11.328547,NA,NA,NA,NA,NA
153,1,0.795774715459477,7.689317,6.308473,7,7.956403,7.657733,7.48606,7.051366,7.15171,7.610768,8.413383,NA,NA,NA,NA,6.917766,6.996464,6.940097,6.10813,5.907983,5.620999,6.151345,NA,NA,NA,NA
154,1,0.795774715459477,5.752234,8.467492,5,6.025893,5.763155,5.104614,5.511515,6.055961,NA,NA,NA,NA,NA,NA,8.994387,9.048621,8.350046,7.956216,8.04719,NA,NA,NA,NA,NA,NA
155,1,0.795774715459477,5.18368,9.003463,5,5.763155,5.40506,4.718758,4.750063,5.104614,NA,NA,NA,NA,NA,NA,9.048621,9.539636,9.412342,8.397694,8.350046,NA,NA,NA,NA,NA,NA
156,1,0.795774715459477,5.813826,3.67429,6,6.39612,5.575058,5.321089,5.656008,5.827364,6.390609,NA,NA,NA,NA,NA,3.88312,4.558581,3.632346,3.390086,3.408181,3.733296,NA,NA,NA,NA,NA
157,1,0.795774715459477,7.131966,10.489559,6,6.877334,6.772481,6.657946,6.982596,7.356018,7.948117,NA,NA,NA,NA,NA,11.250328,11.241506,11.100322,10.005903,9.905262,10.668452,NA,NA,NA,NA,NA
158,1,0.795774715459477,7.529472,1.16976,6,8.238297,7.87987,7.4799,7.213694,7.746952,8.44991,NA,NA,NA,NA,NA,1.524605,1.838919,1.732592,0.824435,0.552279,1.08398,NA,NA,NA,NA,NA
159,1,0.795774715459477,8.273978,5.423659,7,8.596006,8.413383,7.610768,7.680562,8.354155,8.634836,8.893339,NA,NA,NA,NA,6.107517,6.151345,5.620999,5.121986,4.756313,4.790825,5.227721,NA,NA,NA,NA
160,1,0.795774715459477,6.961497,3.63207,6,7.631643,7.114292,6.39612,6.390609,6.741999,7.291821,NA,NA,NA,NA,NA,3.783409,4.276644,3.88312,3.733296,2.865597,2.977416,NA,NA,NA,NA,NA
161,1,0.795774715459477,9.839405,5.52897,6,10.641334,9.715786,9.405968,10.249254,10.503094,10.731015,NA,NA,NA,NA,NA,5.915812,6.048562,5.27813,4.742588,4.755089,5.118579,NA,NA,NA,NA,NA
162,1,0.795774715459477,6.116729,18.213777,6,6.575922,6.193046,5.392773,5.543766,5.674506,6.271549,NA,NA,NA,NA,NA,18.534905,18.689905,18.651639,17.735572,17.55549,17.661902,NA,NA,NA,NA,NA
163,1,0.795774715459477,7.505093,8.865279,6,7.848773,7.479888,6.857439,7.047363,7.641578,7.912837,NA,NA,NA,NA,NA,9.296944,9.477,8.865132,8.278056,8.172719,8.282248,NA,NA,NA,NA,NA
164,1,0.795774715459477,7.083016,15.976814,5,7.544527,6.564859,6.934856,7.19833,7.589748,NA,NA,NA,NA,NA,NA,16.550395,16.42625,15.40461,15.349026,15.605989,NA,NA,NA,NA,NA,NA
165,1,0.795774715459477,7.955538,17.746086,6,8.719178,8.00596,7.382275,7.287577,7.79948,8.573632,NA,NA,NA,NA,NA,17.810941,18.144159,18.048987,17.590323,16.911944,17.383568,NA,NA,NA,NA,NA
166,1,0.795774715459477,5.905379,7.550976,6,6.589727,6.5871,6.055961,5.511515,5.369766,5.506553,NA,NA,NA,NA,NA,7.607925,7.804588,8.04719,7.956216,7.096873,6.975049,NA,NA,NA,NA,NA
167,1,0.795774715459477,7.134317,1.285591,5,7.4799,6.055702,5.88397,5.636243,7.213694,NA,NA,NA,NA,NA,NA,1.732592,1.894449,1.516176,0.850165,0.824435,NA,NA,NA,NA,NA,NA
168,1,0.795774715459477,8.61941,6.863042,6,8.985789,8.577602,7.956403,8.413383,8.596006,9.146516,NA,NA,NA,NA,NA,7.381954,7.433761,6.917766,6.151345,6.107517,6.430418,NA,NA,NA,NA,NA
169,1,0.795774715459477,5.505515,14.339928,5,5.77429,4.84983,4.955589,5.366154,5.802782,NA,NA,NA,NA,NA,NA,14.573361,14.68155,13.934644,13.550022,13.580688,NA,NA,NA,NA,NA,NA
170,1,0.795774715459477,9.980466,6.512461,7,10.506553,10.369766,10.097675,9.353832,9.715786,10.641334,10.817294,NA,NA,NA,NA,6.975049,7.096873,7.103272,6.391466,6.048562,5.915812,6.253884,NA,NA,NA,NA
171,1,0.795774715459477,7.260396,13.527774,7,8.093817,7.322947,6.751461,6.650322,7.306034,8.023328,8.116726,NA,NA,NA,NA,13.724506,14.263471,14.077407,13.930285,12.924729,13.301935,13.41464,NA,NA,NA,NA
172,1,0.795774715459477,9.649012,16.907849,7,10.518639,9.604261,9.131594,9.2306,10.065758,10.544741,10.555751,NA,NA,NA,NA,16.673506,17.230633,16.783878,16.355844,15.95764,16.317496,16.334654,NA,NA,NA,NA
173,1,0.795774715459477,6.316928,17.090521,6,6.701867,6.271549,5.674506,5.518639,5.555751,6.541071,NA,NA,NA,NA,NA,17.463194,17.661902,17.55549,16.673506,16.334654,16.435829,NA,NA,NA,NA,NA
174,1,0.795774715459477,6.204101,7.039711,5,6.72649,6.589727,5.506553,5.817294,6.287202,NA,NA,NA,NA,NA,NA,7.331267,7.607925,6.975049,6.253884,6.362245,NA,NA,NA,NA,NA,NA
175,1,0.795774715459477,8.02424,7.579561,6,8.141174,7.912837,7.641578,7.657733,7.956403,8.577602,NA,NA,NA,NA,NA,8.244584,8.282248,8.172719,6.996464,6.917766,7.433761,NA,NA,NA,NA,NA
176,1,0.795774715459477,9.84764,18.004595,6,10.392773,10.315098,9.057237,9.023771,9.574466,10.543766,NA,NA,NA,NA,NA,18.651639,18.73417,18.199559,18.078501,17.642399,17.735572,NA,NA,NA,NA,NA
177,1,0.795774715459477,9.587011,13.359471,6,10.366154,9.955589,9.374048,9.049888,9.756797,10.023284,NA,NA,NA,NA,NA,13.550022,13.934644,13.73963,13.031677,12.815098,12.934218,NA,NA,NA,NA,NA
178,1,0.795774715459477,6.839244,14.82132,7,7.19833,6.934856,6.414446,6.269383,6.751461,7.322947,7.367892,NA,NA,NA,NA,15.349026,15.40461,15.18892,14.888374,14.077407,14.263471,14.473731,NA,NA,NA,NA
179,1,0.795774715459477,8.679262,11.864374,6,9.347321,8.82257,8.122431,8.118581,8.864051,9.056846,NA,NA,NA,NA,NA,11.787797,12.34524,12.064814,12.059713,11.173336,11.257186,NA,NA,NA,NA,NA
180,1,0.795774715459477,9.911632,17.33887,5,10.674506,10.543766,9.574466,9.604261,10.518639,NA,NA,NA,NA,NA,NA,17.55549,17.735572,17.642399,17.230633,16.673506,NA,NA,NA,NA,NA,NA
181,1,0.795774715459477,6.509166,5.716801,7,7.15171,7.051366,6.287202,5.817294,5.641334,5.731015,6.428702,NA,NA,NA,NA,5.907983,6.10813,6.362245,6.253884,5.915812,5.118579,5.106947,NA,NA,NA,NA
182,1,0.795774715459477,7.991143,3.197952,6,8.770747,7.852121,7.631643,7.291821,7.864516,8.60885,NA,NA,NA,NA,NA,3.364889,3.825388,3.783409,2.977416,2.527717,2.935539,NA,NA,NA,NA,NA
183,1,0.795774715459477,6.735924,17.997894,6,7.382275,7.097834,6.575922,6.271549,6.701867,7.287577,NA,NA,NA,NA,NA,18.048987,18.662837,18.534905,17.661902,17.463194,17.590323,NA,NA,NA,NA,NA
184,1,0.795774715459477,6.59365,10.329873,5,6.657946,6.124899,5.929802,6.449052,6.982596,NA,NA,NA,NA,NA,NA,11.100322,10.796817,10.25275,9.826328,10.005903,NA,NA,NA,NA,NA,NA
185,1,0.795774715459477,9.284509,17.293493,6,9.574466,9.023771,8.719178,8.573632,9.131594,9.604261,NA,NA,NA,NA,NA,17.642399,18.078501,17.810941,17.383568,16.783878,17.230633,NA,NA,NA,NA,NA
186,1,0.795774715459477,6.051024,3.263358,4,6.390609,5.827364,6.42412,6.741999,NA,NA,NA,NA,NA,NA,NA,3.733296,3.408181,2.493116,2.865597,NA,NA,NA,NA,NA,NA,NA
187,1,0.795774715459477,9.065118,15.683241,7,10.065758,9.2306,8.639996,8.555847,9.355083,9.670356,9.983704,NA,NA,NA,NA,15.95764,16.355844,16.084277,15.835414,14.95455,15.006607,15.579915,NA,NA,NA,NA
188,1,0.795774715459477,5.566676,14.862545,5,4.983704,4.670356,4.84983,5.77429,6.054583,NA,NA,NA,NA,NA,NA,15.579915,15.006607,14.68155,14.573361,14.843987,NA,NA,NA,NA,NA,NA
189,1,0.795774715459477,6.469442,19.085035,6,7.023472,6.42867,6.193046,6.575922,7.097834,7.273932,NA,NA,NA,NA,NA,20,20,18.689905,18.534905,18.662837,19.08161,NA,NA,NA,NA,NA
190,1,0.795774715459477,5.962574,11.438234,7,6.432916,5.588076,5.318554,5.370613,6.124899,6.657946,6.772481,NA,NA,NA,NA,11.824762,11.966496,11.689048,11.328547,10.796817,11.100322,11.241506,NA,NA,NA,NA
191,1,0.795774715459477,6.056012,14.355729,7,6.269383,6.054583,5.77429,5.802782,6.001685,6.650322,6.751461,NA,NA,NA,NA,14.888374,14.843987,14.573361,13.580688,13.524702,13.930285,14.077407,NA,NA,NA,NA
192,1,0.795774715459477,5.008368,7.698939,7,5.511515,5.104614,4.750063,4.473912,4.344708,5.097675,5.369766,NA,NA,NA,NA,7.956216,8.350046,8.397694,8.240124,7.658142,7.103272,7.096873,NA,NA,NA,NA
193,1,0.795774715459477,8.958383,1.856002,5,9.112795,8.971583,8.238297,8.44991,9.271327,NA,NA,NA,NA,NA,NA,2.286878,2.333634,1.524605,1.08398,0.753442,NA,NA,NA,NA,NA,NA
194,1,0.795774715459477,9.465406,18.903935,5,10.270647,9.535625,8.759939,9.057237,10.315098,NA,NA,NA,NA,NA,NA,19.016775,19.448514,18.957036,18.199559,18.73417,NA,NA,NA,NA,NA,NA
195,1,0.795774715459477,9.266861,5.75921,6,9.715786,9.353832,9.146516,8.596006,8.893339,9.405968,NA,NA,NA,NA,NA,6.048562,6.391466,6.430418,6.107517,5.227721,5.27813,NA,NA,NA,NA,NA
196,1,0.795774715459477,9.31121,12.459261,6,9.756797,9.049888,8.916877,8.82257,9.347321,9.587433,NA,NA,NA,NA,NA,12.815098,13.031677,12.99109,12.34524,11.787797,11.880501,NA,NA,NA,NA,NA
197,1,0.795774715459477,7.243437,2.245742,8,7.864516,7.291821,6.741999,6.42412,6.056653,6.055702,7.4799,7.87987,NA,NA,NA,2.527717,2.977416,2.865597,2.493116,1.931837,1.894449,1.732592,1.838919,NA,NA,NA
198,1,0.795774715459477,6.954531,16.990728,7,7.79948,7.287577,6.701867,6.541071,6.564859,7.544527,7.781842,NA,NA,NA,NA,16.911944,17.590323,17.463194,16.435829,16.42625,16.550395,16.821327,NA,NA,NA,NA
199,1,0.795774715459477,9.50228,7.01217,5,10.097675,9.344708,8.985789,9.146516,9.353832,NA,NA,NA,NA,NA,NA,7.103272,7.658142,7.381954,6.430418,6.391466,NA,NA,NA,NA,NA,NA
200,1,0.795774715459477,8.05873,16.023534,6,8.639996,7.781842,7.544527,7.589748,8.09298,8.555847,NA,NA,NA,NA,NA,16.084277,16.821327,16.550395,15.605989,15.444638,15.835414,NA,NA,NA,NA,NA
101,2,1.39260575205408,11.852069,13.209694,5,12.041411,11.4671,10.838084,11.525146,12.498481,NA,NA,NA,NA,NA,NA,14.006026,14.04758,13.35928,12.445583,12.779397,NA,NA,NA,NA,NA,NA
102,2,1.39260575205408,11.99011,6.746229,6,11.736329,11.622696,11.309711,12.105713,12.592603,12.794717,NA,NA,NA,NA,NA,7.720712,7.661379,6.453157,5.989927,6.089911,6.766861,NA,NA,NA,NA,NA
103,2,1.39260575205408,12.297512,5.249273,6,13.251399,12.592603,12.105713,11.645598,12.167782,12.654413,NA,NA,NA,NA,NA,5.36917,6.089911,5.989927,5.097827,4.445807,4.411234,NA,NA,NA,NA,NA
104,2,1.39260575205408,15.773138,19.617605,5,16.611362,16.588167,14.825986,14.872967,15.548336,NA,NA,NA,NA,NA,NA,19.751487,20,20,19.308682,18.572796,NA,NA,NA,NA,NA,NA
105,2,1.39260575205408,10.700315,12.343622,5,10.838084,10.660946,10.004566,11.371922,11.525146,NA,NA,NA,NA,NA,NA,13.35928,13.350274,12.056172,11.654733,12.445583,NA,NA,NA,NA,NA,NA
106,2,1.39260575205408,17.357647,3.919742,6,18.165528,18.299879,17.196112,16.33847,16.969396,17.447268,NA,NA,NA,NA,NA,3.954062,4.811536,4.71641,3.74644,3.124955,3.108744,NA,NA,NA,NA,NA
107,2,1.39260575205408,17.127007,2.158741,5,16.814865,16.622185,17.444932,18.613481,18.774162,NA,NA,NA,NA,NA,NA,2.711106,2.388925,0,0,0.36587,NA,NA,NA,NA,NA,NA
108,2,1.39260575205408,14.427025,8.911932,5,14.733911,13.770728,13.799126,14.572864,15.264657,NA,NA,NA,NA,NA,NA,9.645797,9.15861,8.371487,8.148137,8.816378,NA,NA,NA,NA,NA,NA
109,2,1.39260575205408,13.718438,18.509078,5,14.145266,12.633466,12.562439,12.854764,14.077761,NA,NA,NA,NA,NA,NA,18.93001,19.269336,18.97375,17.869735,18.196331,NA,NA,NA,NA,NA,NA
110,2,1.39260575205408,8.836069,12.325528,6,8.992481,8.219789,8.149632,9.18748,9.521452,9.640907,NA,NA,NA,NA,NA,13.281193,12.676757,11.999248,11.523644,11.676811,11.892005,NA,NA,NA,NA,NA
111,2,1.39260575205408,10.625383,19.156579,5,11.06381,9.840108,9.446553,9.548371,10.930971,NA,NA,NA,NA,NA,NA,20,20,18.781075,18.591754,18.707448,NA,NA,NA,NA,NA,NA
112,2,1.39260575205408,10.259147,15.292821,6,10.439771,9.761683,9.254578,9.17482,10.261398,10.994154,NA,NA,NA,NA,NA,16.287744,16.587796,16.175432,16.07057,14.763817,15.028798,NA,NA,NA,NA,NA
113,2,1.39260575205408,15.331152,7.97594,6,15.43314,15.264657,14.572864,14.766871,15.823164,16.336878,NA,NA,NA,NA,NA,8.796082,8.816378,8.148137,7.517372,7.28276,7.974541,NA,NA,NA,NA,NA
114,2,1.39260575205408,12.731864,7.569275,6,13.383192,12.152863,12.144982,11.736329,12.794717,13.390792,NA,NA,NA,NA,NA,8.077583,8.459258,8.456372,7.720712,6.766861,7.109358,NA,NA,NA,NA,NA
115,2,1.39260575205408,16.180552,2.724766,8,16.969396,16.33847,15.848286,15.281512,15.514959,15.999627,16.622185,16.814865,NA,NA,NA,3.124955,3.74644,3.795379,3.208111,2.530209,2.24938,2.388925,2.711106,NA,NA,NA
116,2,1.39260575205408,14.493372,0.174944,6,14.825262,14.303405,13.468234,13.450672,16.382059,16.115376,NA,NA,NA,NA,NA,1.198571,1.292394,0.186914,0,0,0.290075,NA,NA,NA,NA,NA
117,2,1.39260575205408,15.151383,15.313789,6,15.248189,14.83413,14.359915,14.949616,15.495987,15.840136,NA,NA,NA,NA,NA,15.998985,15.974564,15.273941,14.344594,14.511025,14.857279,NA,NA,NA,NA,NA
118,2,1.39260575205408,17.302893,2.305684,7,17.447268,16.969396,16.814865,18.774162,19.033595,19.042577,18.630902,NA,NA,NA,NA,3.108744,3.124955,2.711106,0.36587,0.888317,0.922942,1.766023,NA,NA,NA,NA
119,2,1.39260575205408,11.081733,8.48591,7,12.144982,11.233049,10.566038,10.580535,11.041969,11.622696,11.736329,NA,NA,NA,NA,8.456372,9.289878,8.919566,8.120388,7.751551,7.661379,7.720712,NA,NA,NA,NA
120,2,1.39260575205408,15.65744,13.652472,6,15.495987,14.949616,14.57718,15.509229,16.119653,16.23919,NA,NA,NA,NA,NA,14.511025,14.344594,13.669991,12.806595,13.132562,13.589423,NA,NA,NA,NA,NA
121,2,1.39260575205408,17.459884,19.775038,5,18.590108,16.588167,16.611362,17.464272,18.196553,NA,NA,NA,NA,NA,NA,20,20,19.751487,18.874765,18.781075,NA,NA,NA,NA,NA,NA
122,2,1.39260575205408,10.470662,9.586576,8,10.61693,10.465122,9.634012,9.600502,9.814359,10.566038,11.233049,11.248234,NA,NA,NA,10.515614,10.51265,9.857401,9.704264,9.191099,8.919566,9.289878,9.608338,NA,NA,NA
123,2,1.39260575205408,15.528835,9.616983,6,16.316757,15.075228,14.849265,14.733911,15.264657,15.43314,NA,NA,NA,NA,NA,9.775627,10.621622,10.481346,9.645797,8.816378,8.796082,NA,NA,NA,NA,NA
124,2,1.39260575205408,10.27199,3.145114,5,10.345634,9.89366,9.880902,10.292577,10.977159,NA,NA,NA,NA,NA,NA,3.432348,3.348821,1.766023,0.922942,1.737679,NA,NA,NA,NA,NA,NA
125,2,1.39260575205408,11.295644,15.749247,6,11.741829,11.563247,10.439771,10.994154,11.162407,11.921582,NA,NA,NA,NA,NA,16.363792,16.489626,16.287744,15.028798,14.944567,15.495204,NA,NA,NA,NA,NA
126,2,1.39260575205408,12.020207,9.512688,6,12.877328,12.06428,11.248234,11.233049,12.144982,12.152863,NA,NA,NA,NA,NA,9.70552,10.088987,9.608338,9.289878,8.456372,8.459258,NA,NA,NA,NA,NA
127,2,1.39260575205408,8.760715,9.960754,6,8.826158,8.201778,7.877309,8.275636,9.600502,9.634012,NA,NA,NA,NA,NA,10.69847,10.502356,9.788058,9.274229,9.704264,9.857401,NA,NA,NA,NA,NA
128,2,1.39260575205408,11.355383,4.494749,5,11.645598,10.02816,10.858172,11.338915,12.167782,NA,NA,NA,NA,NA,NA,5.097827,5.145021,3.95008,3.650992,4.445807,NA,NA,NA,NA,NA,NA
129,2,1.39260575205408,16.385658,4.779169,6,17.196112,16.645442,15.43912,15.370325,15.848286,16.33847,NA,NA,NA,NA,NA,4.71641,5.328406,5.120816,4.917342,3.795379,3.74644,NA,NA,NA,NA,NA
130,2,1.39260575205408,12.252214,12.042948,8,13.004438,12.783651,12.498481,11.525146,11.371922,11.468576,11.876944,12.59159,NA,NA,NA,12.095719,12.692304,12.779397,12.445583,11.654733,11.364203,11.194159,11.299385,NA,NA,NA
131,2,1.39260575205408,13.394836,11.450573,5,13.874497,13.004438,12.59159,13.389141,13.903055,NA,NA,NA,NA,NA,NA,11.924894,12.095719,11.299385,10.540938,10.720835,NA,NA,NA,NA,NA,NA
132,2,1.39260575205408,14.870701,2.273697,7,15.514959,15.281512,14.897175,13.77526,13.775357,14.303405,14.825262,NA,NA,NA,NA,2.530209,3.208111,3.186066,2.110343,2.102747,1.292394,1.198571,NA,NA,NA,NA
133,2,1.39260575205408,12.458809,0.366113,6,12.762122,10.283595,10.024162,9.863481,13.450672,13.468234,NA,NA,NA,NA,NA,0.817569,0.888317,0.36587,0,0,0.186914,NA,NA,NA,NA,NA
134,2,1.39260575205408,9.825474,12.787349,6,10.660946,10.128395,9.055985,8.992481,9.640907,10.004566,NA,NA,NA,NA,NA,13.350274,13.612597,13.48079,13.281193,11.892005,12.056172,NA,NA,NA,NA,NA
135,2,1.39260575205408,14.488118,18.43826,7,15.548336,14.872967,14.145266,14.077761,14.840113,15.26957,15.620002,NA,NA,NA,NA,18.572796,19.308682,18.93001,18.196331,17.573027,17.71456,18.253254,NA,NA,NA,NA
136,2,1.39260575205408,14.376106,11.473847,7,14.618951,14.16352,13.874497,13.903055,14.849265,15.075228,15.183006,NA,NA,NA,NA,12.009227,12.131596,11.924894,10.720835,10.481346,10.621622,10.835552,NA,NA,NA,NA
137,2,1.39260575205408,16.176169,10.56697,7,16.184816,16.085565,15.183006,15.075228,16.316757,16.627309,16.951778,NA,NA,NA,NA,11.516281,11.522494,10.835552,10.621622,9.775627,9.788058,10.502356,NA,NA,NA,NA
138,2,1.39260575205408,9.565911,10.734151,5,9.521452,9.18748,8.826158,9.634012,10.465122,NA,NA,NA,NA,NA,NA,11.676811,11.523644,10.69847,9.857401,10.51265,NA,NA,NA,NA,NA,NA
139,2,1.39260575205408,13.939277,19.49298,5,14.825986,12.519601,12.633466,14.145266,14.872967,NA,NA,NA,NA,NA,NA,20,20,19.269336,18.93001,19.308682,NA,NA,NA,NA,NA,NA
140,2,1.39260575205408,13.960915,9.833448,6,14.849265,13.903055,13.389141,13.049455,13.770728,14.733911,NA,NA,NA,NA,NA,10.481346,10.720835,10.540938,9.774716,9.15861,9.645797,NA,NA,NA,NA,NA
141,2,1.39260575205408,16.300837,14.171323,6,17.295851,17.167837,15.840136,15.495987,16.23919,17.34418,NA,NA,NA,NA,NA,14.835185,15.240928,14.857279,14.511025,13.589423,14.237882,NA,NA,NA,NA,NA
142,2,1.39260575205408,14.67714,12.594222,6,15.509229,14.57718,14.100702,14.16352,14.618951,15.493866,NA,NA,NA,NA,NA,12.806595,13.669991,13.503909,12.131596,12.009227,12.622477,NA,NA,NA,NA,NA
143,2,1.39260575205408,14.766552,4.089423,6,15.370325,14.291782,14.056933,14.897175,15.281512,15.848286,NA,NA,NA,NA,NA,4.917342,4.685271,3.923176,3.186066,3.208111,3.795379,NA,NA,NA,NA,NA
144,2,1.39260575205408,13.563978,4.460012,6,14.291782,13.553387,13.251399,12.654413,13.131716,14.056933,NA,NA,NA,NA,NA,4.685271,5.386761,5.36917,4.411234,3.614891,3.923176,NA,NA,NA,NA,NA
145,2,1.39260575205408,13.986782,14.574812,7,14.949616,14.359915,14.210668,13.225403,13.738647,14.100702,14.57718,NA,NA,NA,NA,14.344594,15.273941,15.285891,14.199139,13.571166,13.503909,13.669991,NA,NA,NA,NA
146,2,1.39260575205408,16.239872,8.975579,7,17.025636,16.627309,16.316757,15.43314,16.336878,16.55787,17.039303,NA,NA,NA,NA,9.274229,9.788058,9.775627,8.796082,7.974541,8.018338,8.499067,NA,NA,NA,NA
147,2,1.39260575205408,9.512095,3.151239,4,9.89366,9.415528,8.697268,9.880902,NA,NA,NA,NA,NA,NA,NA,3.348821,3.954062,3.108744,1.766023,NA,NA,NA,NA,NA,NA,NA
148,2,1.39260575205408,13.524872,14.993586,5,14.210668,13.253882,12.714101,12.798791,13.225403,NA,NA,NA,NA,NA,NA,15.285891,15.822746,15.202611,14.437553,14.199139,NA,NA,NA,NA,NA,NA
149,2,1.39260575205408,16.366159,1.896705,5,16.622185,15.999627,16.115376,16.382059,17.444932,NA,NA,NA,NA,NA,NA,2.388925,2.24938,0.290075,0,0,NA,NA,NA,NA,NA,NA
150,2,1.39260575205408,15.071511,16.66805,6,15.26957,14.840113,14.21444,14.83413,15.248189,15.901981,NA,NA,NA,NA,NA,17.71456,17.573027,16.905982,15.974564,15.998985,16.525072,NA,NA,NA,NA,NA
151,2,1.39260575205408,13.609784,12.545364,6,14.100702,13.738647,12.783651,13.004438,13.874497,14.16352,NA,NA,NA,NA,NA,13.503909,13.571166,12.692304,12.095719,11.924894,12.131596,NA,NA,NA,NA,NA
152,2,1.39260575205408,17.100657,11.266278,5,17.93748,16.899632,16.184816,16.951778,17.576158,NA,NA,NA,NA,NA,NA,11.523644,11.999248,11.516281,10.502356,10.69847,NA,NA,NA,NA,NA,NA
153,2,1.39260575205408,13.456305,6.308473,7,14.360615,14.222388,13.390792,12.794717,12.592603,13.251399,13.553387,NA,NA,NA,NA,6.320202,6.725899,7.109358,6.766861,6.089911,5.36917,5.386761,NA,NA,NA,NA
154,2,1.39260575205408,10.066409,8.467492,5,10.566038,9.814359,9.312012,9.568328,10.580535,NA,NA,NA,NA,NA,NA,8.919566,9.191099,8.258548,7.824402,8.120388,NA,NA,NA,NA,NA,NA
155,2,1.39260575205408,9.07144,9.003463,5,9.814359,9.600502,8.275636,8.289303,9.312012,NA,NA,NA,NA,NA,NA,9.191099,9.704264,9.274229,8.499067,8.258548,NA,NA,NA,NA,NA,NA
156,2,1.39260575205408,10.174196,3.67429,7,10.02816,9.958031,9.549879,9.415528,9.89366,10.345634,10.858172,NA,NA,NA,NA,5.145021,5.186801,4.811536,3.954062,3.348821,3.432348,3.95008,NA,NA,NA,NA
157,2,1.39260575205408,12.48094,10.489559,6,13.389141,12.59159,11.876944,12.06428,12.877328,13.049455,NA,NA,NA,NA,NA,10.540938,11.299385,11.194159,10.088987,9.70552,9.774716,NA,NA,NA,NA,NA
158,2,1.39260575205408,13.176577,1.16976,5,14.303405,13.775357,12.909956,12.762122,13.468234,NA,NA,NA,NA,NA,NA,1.292394,2.102747,1.70015,0.817569,0.186914,NA,NA,NA,NA,NA,NA
159,2,1.39260575205408,14.479462,5.423659,6,15.282245,14.360615,13.553387,14.291782,15.370325,15.43912,NA,NA,NA,NA,NA,5.93314,6.320202,5.386761,4.685271,4.917342,5.120816,NA,NA,NA,NA,NA
160,2,1.39260575205408,12.182619,3.63207,6,12.654413,12.167782,11.338915,11.574131,13.019456,13.131716,NA,NA,NA,NA,NA,4.411234,4.445807,3.650992,2.634545,3.148937,3.614891,NA,NA,NA,NA,NA
161,2,1.39260575205408,17.218959,5.52897,6,18.675943,16.83386,16.645442,17.196112,18.299879,18.708031,NA,NA,NA,NA,NA,5.685993,6.148356,5.328406,4.71641,4.811536,5.186801,NA,NA,NA,NA,NA
162,2,1.39260575205408,10.704276,18.213777,6,11.312131,10.930971,9.548371,9.617936,9.83631,11.173987,NA,NA,NA,NA,NA,18.437414,18.707448,18.591754,17.853167,17.326789,17.744016,NA,NA,NA,NA,NA
163,2,1.39260575205408,13.133913,8.865279,6,13.770728,13.049455,12.877328,12.152863,13.383192,13.799126,NA,NA,NA,NA,NA,9.15861,9.774716,9.70552,8.459258,8.077583,8.371487,NA,NA,NA,NA,NA
164,2,1.39260575205408,12.395277,15.976814,5,13.230048,11.741829,11.921582,12.714101,13.253882,NA,NA,NA,NA,NA,NA,16.693824,16.363792,15.495204,15.202611,15.822746,NA,NA,NA,NA,NA,NA
165,2,1.39260575205408,13.922192,17.746086,6,14.840113,14.077761,12.854764,12.849473,13.287605,14.21444,NA,NA,NA,NA,NA,17.573027,18.196331,17.869735,17.824895,16.808816,16.905982,NA,NA,NA,NA,NA
166,2,1.39260575205408,10.334414,7.550976,5,11.041969,10.580535,9.568328,9.497647,9.847127,NA,NA,NA,NA,NA,NA,7.751551,8.120388,7.824402,7.074529,6.52984,NA,NA,NA,NA,NA,NA
167,2,1.39260575205408,12.485056,1.285591,6,12.909956,11.276853,10.977159,10.292577,10.283595,12.762122,NA,NA,NA,NA,NA,1.70015,2.024948,1.737679,0.922942,0.888317,0.817569,NA,NA,NA,NA,NA
168,2,1.39260575205408,15.083967,6.863042,6,15.823164,14.766871,14.222388,14.360615,15.282245,15.892928,NA,NA,NA,NA,NA,7.28276,7.517372,6.725899,6.320202,5.93314,6.559982,NA,NA,NA,NA,NA
169,2,1.39260575205408,9.634651,14.339928,5,10.113609,8.545851,8.59418,9.055985,10.128395,NA,NA,NA,NA,NA,NA,14.514105,14.835185,14.237882,13.48079,13.612597,NA,NA,NA,NA,NA,NA
170,2,1.39260575205408,17.465816,6.512461,7,18.597127,18.247647,17.258157,16.756935,16.83386,18.675943,18.746494,NA,NA,NA,NA,6.52984,7.074529,7.115251,6.275889,6.148356,5.685993,5.923204,NA,NA,NA,NA
171,2,1.39260575205408,12.705693,13.527774,6,13.225403,12.798791,12.041411,12.498481,12.783651,13.738647,NA,NA,NA,NA,NA,14.199139,14.437553,14.006026,12.779397,12.692304,13.571166,NA,NA,NA,NA,NA
172,2,1.39260575205408,16.885771,16.907849,5,16.790254,16.17892,17.265195,17.92482,18.004578,NA,NA,NA,NA,NA,NA,17.470226,16.459041,15.552652,16.07057,16.175432,NA,NA,NA,NA,NA,NA
173,2,1.39260575205408,11.054624,17.090521,6,11.641637,11.173987,9.83631,9.761683,10.439771,11.563247,NA,NA,NA,NA,NA,17.366111,17.744016,17.326789,16.587796,16.287744,16.489626,NA,NA,NA,NA,NA
174,2,1.39260575205408,10.857176,7.039711,5,11.622696,11.041969,9.847127,9.996494,11.309711,NA,NA,NA,NA,NA,NA,7.661379,7.751551,6.52984,5.923204,6.453157,NA,NA,NA,NA,NA,NA
175,2,1.39260575205408,14.042419,7.579561,6,14.572864,13.799126,13.383192,13.390792,14.222388,14.766871,NA,NA,NA,NA,NA,8.148137,8.371487,8.077583,7.109358,6.725899,7.517372,NA,NA,NA,NA,NA
176,2,1.39260575205408,17.233369,18.004595,6,18.298371,18.196553,17.464272,16.417807,16.785427,18.367936,NA,NA,NA,NA,NA,18.591754,18.781075,18.874765,18.096427,17.586962,17.853167,NA,NA,NA,NA,NA
177,2,1.39260575205408,16.77727,13.359471,6,17.805985,17.34418,16.23919,16.119653,16.969789,17.742481,NA,NA,NA,NA,NA,13.48079,14.237882,13.589423,13.132562,12.676757,13.281193,NA,NA,NA,NA,NA
178,2,1.39260575205408,11.968677,14.82132,6,12.714101,11.921582,11.162407,11.4671,12.041411,12.798791,NA,NA,NA,NA,NA,15.202611,15.495204,14.944567,14.04758,14.006026,14.437553,NA,NA,NA,NA,NA
179,2,1.39260575205408,15.188708,11.864374,4,15.493866,14.618951,15.183006,16.085565,NA,NA,NA,NA,NA,NA,NA,12.622477,12.009227,10.835552,11.522494,NA,NA,NA,NA,NA,NA,NA
180,2,1.39260575205408,17.345356,17.33887,6,18.58631,18.367936,16.785427,16.790254,18.004578,18.511683,NA,NA,NA,NA,NA,17.326789,17.853167,17.586962,17.470226,16.175432,16.587796,NA,NA,NA,NA,NA
181,2,1.39260575205408,11.39104,5.716801,7,12.105713,11.309711,9.996494,9.925943,9.958031,10.02816,11.645598,NA,NA,NA,NA,5.989927,6.453157,5.923204,5.685993,5.186801,5.145021,5.097827,NA,NA,NA,NA
182,2,1.39260575205408,13.9845,3.197952,5,14.056933,13.131716,13.019456,13.77526,14.897175,NA,NA,NA,NA,NA,NA,3.923176,3.614891,3.148937,2.110343,3.186066,NA,NA,NA,NA,NA,NA
183,2,1.39260575205408,11.787867,17.997894,6,12.562439,11.312131,11.173987,11.641637,12.849473,12.854764,NA,NA,NA,NA,NA,18.97375,18.437414,17.744016,17.366111,17.824895,17.869735,NA,NA,NA,NA,NA
184,2,1.39260575205408,11.538888,10.329873,5,11.876944,11.468576,10.61693,11.248234,12.06428,NA,NA,NA,NA,NA,NA,11.194159,11.364203,10.515614,9.608338,10.088987,NA,NA,NA,NA,NA,NA
185,2,1.39260575205408,16.247891,17.293493,7,16.790254,16.785427,16.417807,15.620002,15.26957,15.901981,16.17892,NA,NA,NA,NA,17.470226,17.586962,18.096427,18.253254,17.71456,16.525072,16.459041,NA,NA,NA,NA
186,2,1.39260575205408,10.589291,3.263358,6,11.338915,10.858172,10.345634,10.977159,11.276853,11.574131,NA,NA,NA,NA,NA,3.650992,3.95008,3.432348,1.737679,2.024948,2.634545,NA,NA,NA,NA,NA
187,2,1.39260575205408,15.863957,15.683241,6,16.17892,15.901981,15.248189,15.840136,17.167837,17.265195,NA,NA,NA,NA,NA,16.459041,16.525072,15.998985,14.857279,15.240928,15.552652,NA,NA,NA,NA,NA
188,2,1.39260575205408,9.741683,14.862545,6,9.17482,8.515195,8.417837,8.545851,10.113609,10.261398,NA,NA,NA,NA,NA,16.07057,15.552652,15.240928,14.835185,14.514105,14.763817,NA,NA,NA,NA,NA
189,2,1.39260575205408,11.321523,19.085035,6,12.633466,12.519601,11.06381,10.930971,11.312131,12.562439,NA,NA,NA,NA,NA,19.269336,20,20,18.707448,18.437414,18.97375,NA,NA,NA,NA,NA
190,2,1.39260575205408,10.434504,11.438234,7,11.371922,10.004566,9.640907,9.521452,10.465122,10.61693,11.468576,NA,NA,NA,NA,11.654733,12.056172,11.892005,11.676811,10.51265,10.515614,11.364203,NA,NA,NA,NA
191,2,1.39260575205408,10.598021,14.355729,8,11.162407,10.994154,10.261398,10.113609,10.128395,10.660946,10.838084,11.4671,NA,NA,NA,14.944567,15.028798,14.763817,14.514105,13.612597,13.350274,13.35928,14.04758,NA,NA,NA
192,2,1.39260575205408,8.764644,7.698939,6,9.568328,9.312012,8.289303,7.80787,8.508157,9.497647,NA,NA,NA,NA,NA,7.824402,8.258548,8.499067,8.018338,7.115251,7.074529,NA,NA,NA,NA,NA
193,2,1.39260575205408,15.67717,1.856002,4,15.999627,15.514959,14.825262,16.115376,NA,NA,NA,NA,NA,NA,NA,2.24938,2.530209,1.198571,0.290075,NA,NA,NA,NA,NA,NA,NA
194,2,1.39260575205408,16.56446,18.903935,5,17.464272,16.611362,15.548336,15.620002,16.417807,NA,NA,NA,NA,NA,NA,18.874765,19.751487,18.572796,18.253254,18.096427,NA,NA,NA,NA,NA,NA
195,2,1.39260575205408,16.217007,5.75921,6,16.83386,16.756935,15.892928,15.282245,15.43912,16.645442,NA,NA,NA,NA,NA,6.148356,6.275889,6.559982,5.93314,5.120816,5.328406,NA,NA,NA,NA,NA
196,2,1.39260575205408,16.294617,12.459261,7,16.969789,16.119653,15.509229,15.493866,16.085565,16.184816,16.899632,NA,NA,NA,NA,12.676757,13.132562,12.806595,12.622477,11.522494,11.516281,11.999248,NA,NA,NA,NA
197,2,1.39260575205408,12.676014,2.245742,6,13.019456,11.574131,11.276853,12.909956,13.775357,13.77526,NA,NA,NA,NA,NA,3.148937,2.634545,2.024948,1.70015,2.102747,2.110343,NA,NA,NA,NA,NA
198,2,1.39260575205408,12.170429,16.990728,6,12.849473,11.641637,11.563247,11.741829,13.230048,13.287605,NA,NA,NA,NA,NA,17.824895,17.366111,16.489626,16.363792,16.693824,16.808816,NA,NA,NA,NA,NA
199,2,1.39260575205408,16.62899,7.01217,6,16.55787,16.336878,15.823164,15.892928,16.756935,17.258157,NA,NA,NA,NA,NA,8.018338,7.974541,7.28276,6.559982,6.275889,7.115251,NA,NA,NA,NA,NA
200,2,1.39260575205408,14.102778,16.023534,7,14.21444,13.287605,13.230048,13.253882,14.210668,14.359915,14.83413,NA,NA,NA,NA,16.905982,16.808816,16.693824,15.822746,15.285891,15.273941,15.974564,NA,NA,NA,NA
101,3,1.98943678864869,16.931526,13.209694,5,17.382469,16.236185,15.785349,16.399018,17.67626,NA,NA,NA,NA,NA,NA,13.977505,14.095989,13.391237,12.225388,12.851162,NA,NA,NA,NA,NA,NA
102,3,1.98943678864869,17.128728,6.746229,6,17.000778,16.446032,16.265215,17.077549,18.112159,18.170113,NA,NA,NA,NA,NA,8.004617,7.590815,6.593656,5.918323,6.221836,6.499132,NA,NA,NA,NA,NA
103,3,1.98943678864869,17.567875,5.249273,6,18.68105,18.112159,17.077549,16.776231,17.115679,18.257726,NA,NA,NA,NA,NA,5.33272,6.221836,5.918323,5.083733,4.478237,4.362328,NA,NA,NA,NA,NA
104,3,1.98943678864869,22.533054,19.617605,5,23.564968,21.201999,21.218896,22.123296,22.526206,NA,NA,NA,NA,NA,NA,20,20,19.644784,18.237015,18.354592,NA,NA,NA,NA,NA,NA
105,3,1.98943678864869,15.286164,12.343622,6,15.785349,14.932465,14.509203,16.105326,16.313019,16.399018,NA,NA,NA,NA,NA,13.391237,13.329294,12.137162,11.467731,11.591286,12.225388,NA,NA,NA,NA,NA
106,3,1.98943678864869,24.796638,3.919742,6,25.987358,26.035375,24.304442,23.69435,24.081481,25.179061,NA,NA,NA,NA,NA,4.45126,4.889063,4.675954,3.690244,3.145475,3.092285,NA,NA,NA,NA,NA
107,3,1.98943678864869,24.467152,2.158741,4,24.074446,23.811903,24.412534,25.898197,NA,NA,NA,NA,NA,NA,NA,3.118557,2.491415,0,0,NA,NA,NA,NA,NA,NA,NA
108,3,1.98943678864869,20.610036,8.911932,5,21.570243,21.086565,19.684965,19.695961,20.933469,NA,NA,NA,NA,NA,NA,8.877791,9.957596,8.944823,8.509401,7.999083,NA,NA,NA,NA,NA,NA
109,3,1.98943678864869,19.597769,18.509078,6,20.172886,18.013926,17.99623,18.245597,18.546275,20.134871,NA,NA,NA,NA,NA,18.867199,19.55946,19.454251,18.108853,17.670921,18.276961,NA,NA,NA,NA,NA
110,3,1.98943678864869,12.622956,12.325528,6,13.049388,12.72254,11.705605,11.685295,12.913552,13.573266,NA,NA,NA,NA,NA,13.414271,13.599378,12.462956,12.182765,11.378678,11.810907,NA,NA,NA,NA,NA
111,3,1.98943678864869,15.179119,19.156579,5,15.739612,13.931637,13.625194,13.679747,15.648575,NA,NA,NA,NA,NA,NA,20,20,18.644113,18.499204,18.734561,NA,NA,NA,NA,NA,NA
112,3,1.98943678864869,14.655925,15.292821,5,15.181191,14.01731,13.526043,14.541112,15.5131,NA,NA,NA,NA,NA,NA,16.21881,16.954544,16.383852,14.639917,15.14205,NA,NA,NA,NA,NA,NA
113,3,1.98943678864869,21.901645,7.97594,6,22.343638,21.570243,20.933469,21.009361,22.63915,23.021312,NA,NA,NA,NA,NA,8.744699,8.877791,7.999083,7.646588,7.12946,7.864644,NA,NA,NA,NA,NA
114,3,1.98943678864869,18.188377,7.569275,6,19.122531,17.709899,17.089141,17.000778,18.170113,19.126084,NA,NA,NA,NA,NA,7.930554,8.556596,8.23186,8.004617,6.499132,7.283831,NA,NA,NA,NA,NA
115,3,1.98943678864869,23.115074,2.724766,8,24.074446,24.081481,23.69435,22.419225,21.998609,22.098766,22.875063,23.811903,NA,NA,NA,3.118557,3.145475,3.690244,3.872108,3.249501,2.834007,2.191429,2.491415,NA,NA,NA
116,3,1.98943678864869,20.704817,0.174944,4,21.469101,20.165951,19.408684,22.559806,NA,NA,NA,NA,NA,NA,NA,1.097246,1.431946,0,0,NA,NA,NA,NA,NA,NA,NA
117,3,1.98943678864869,21.644833,15.313789,6,21.963612,21.026091,20.687004,21.177928,22.40656,22.441099,NA,NA,NA,NA,NA,16.022585,15.943594,15.227909,14.122655,14.657306,14.706951,NA,NA,NA,NA,NA
118,3,1.98943678864869,24.718419,2.305684,6,25.179061,24.081481,24.074446,25.898197,26.877909,26.618017,NA,NA,NA,NA,NA,3.092285,3.145475,3.118557,0,0,0.760344,NA,NA,NA,NA,NA
119,3,1.98943678864869,15.831047,8.48591,8,16.19995,15.95405,15.101661,15.108904,15.485063,16.446032,17.000778,17.089141,NA,NA,NA,9.392887,9.479978,8.803933,8.233512,7.803977,7.590815,8.004617,8.23186,NA,NA,NA
120,3,1.98943678864869,22.367772,13.652472,7,22.40656,21.177928,21.088088,21.907935,22.301278,23.127815,23.140418,NA,NA,NA,NA,14.657306,14.122655,13.890185,12.805245,12.657943,13.288475,13.357286,NA,NA,NA,NA
121,3,1.98943678864869,24.942691,19.775038,4,26.431637,23.853301,24.584932,26.125194,NA,NA,NA,NA,NA,NA,NA,20,20,18.925634,18.644113,NA,NA,NA,NA,NA,NA,NA
122,3,1.98943678864869,14.958089,9.586576,6,15.444222,14.616587,13.855983,13.924726,15.101661,15.95405,NA,NA,NA,NA,NA,10.526687,10.503599,9.646939,9.411291,8.803933,9.479978,NA,NA,NA,NA,NA
123,3,1.98943678864869,22.184051,9.616983,7,21.97296,21.46471,21.123002,21.086565,21.570243,22.343638,22.985782,NA,NA,NA,NA,10.747566,10.63768,10.334638,9.957596,8.877791,8.744699,9.761637,NA,NA,NA,NA
124,3,1.98943678864869,14.674272,3.145114,7,14.831668,14.132262,14.118017,14.377909,14.674567,15.493494,15.495659,NA,NA,NA,NA,3.469698,3.28505,0.760344,0,0,0.920602,0.924282,NA,NA,NA,NA
125,3,1.98943678864869,16.136634,15.749247,6,16.863527,16.560033,15.181191,15.5131,16.084646,16.955089,NA,NA,NA,NA,NA,16.267265,16.572767,16.21881,15.14205,14.733297,15.635211,NA,NA,NA,NA,NA
126,3,1.98943678864869,17.171724,9.512688,5,18.126233,17.179841,16.19995,17.089141,17.709899,NA,NA,NA,NA,NA,NA,9.579737,10.217391,9.392887,8.23186,8.556596,NA,NA,NA,NA,NA,NA
127,3,1.98943678864869,12.515307,9.960754,5,12.751835,11.581848,11.419341,11.828629,13.450041,NA,NA,NA,NA,NA,NA,10.851073,10.326093,9.815022,9.060782,9.812626,NA,NA,NA,NA,NA,NA
128,3,1.98943678864869,16.221976,4.494749,5,17.115679,16.776231,14.85346,15.328566,16.283403,NA,NA,NA,NA,NA,NA,4.478237,5.083733,5.163881,4.186745,3.338119,NA,NA,NA,NA,NA,NA
129,3,1.98943678864869,23.408082,4.779169,5,24.304442,23.844552,22.090379,22.419225,23.69435,NA,NA,NA,NA,NA,NA,4.675954,5.406104,4.974866,3.872108,3.690244,NA,NA,NA,NA,NA,NA
130,3,1.98943678864869,17.503163,12.042948,7,18.491648,18.411681,17.67626,16.399018,16.313019,17.070268,18.184481,NA,NA,NA,NA,12.221614,12.530299,12.851162,12.225388,11.591286,11.14083,11.375202,NA,NA,NA,NA
131,3,1.98943678864869,19.13548,11.450573,5,19.830011,18.491648,18.184481,18.943633,19.847451,NA,NA,NA,NA,NA,NA,11.846229,12.221614,11.375202,10.343871,10.795848,NA,NA,NA,NA,NA,NA
132,3,1.98943678864869,21.243858,2.273697,6,22.098766,21.998609,20.921432,19.970989,20.165951,21.469101,NA,NA,NA,NA,NA,2.834007,3.249501,3.161236,1.859363,1.431946,1.097246,NA,NA,NA,NA,NA
133,3,1.98943678864869,17.798299,0.366113,4,18.280407,15.493494,14.674567,18.912863,NA,NA,NA,NA,NA,NA,NA,0.806957,0.920602,0,0,NA,NA,NA,NA,NA,NA,NA
134,3,1.98943678864869,14.036391,12.787349,6,14.932465,14.459783,13.049388,13.573266,13.90922,14.509203,NA,NA,NA,NA,NA,13.329294,13.661911,13.414271,11.810907,11.750234,12.137162,NA,NA,NA,NA,NA
135,3,1.98943678864869,20.697312,18.43826,6,21.218896,20.172886,20.134871,20.857829,22.002332,22.123296,NA,NA,NA,NA,NA,19.644784,18.867199,18.276961,17.43254,17.971374,18.237015,NA,NA,NA,NA,NA
136,3,1.98943678864869,20.537294,11.473847,6,21.030938,20.21551,19.830011,19.847451,21.123002,21.46471,NA,NA,NA,NA,NA,11.927089,12.240084,11.846229,10.795848,10.334638,10.63768,NA,NA,NA,NA,NA
137,3,1.98943678864869,23.108813,10.56697,6,23.466238,22.716287,21.97296,22.985782,23.919341,24.081848,NA,NA,NA,NA,NA,11.488719,11.555781,10.747566,9.761637,9.815022,10.326093,NA,NA,NA,NA,NA
138,3,1.98943678864869,13.665587,10.734151,7,13.90922,13.573266,12.913552,12.751835,13.450041,13.855983,14.616587,NA,NA,NA,NA,11.750234,11.810907,11.378678,10.851073,9.812626,9.646939,10.503599,NA,NA,NA,NA
139,3,1.98943678864869,19.913253,19.49298,5,21.218896,21.201999,17.965869,18.013926,20.172886,NA,NA,NA,NA,NA,NA,19.644784,20,20,19.55946,18.867199,NA,NA,NA,NA,NA,NA
140,3,1.98943678864869,19.944164,9.833448,6,21.123002,19.847451,18.943633,18.832344,19.684965,21.086565,NA,NA,NA,NA,NA,10.334638,10.795848,10.343871,9.985254,8.944823,9.957596,NA,NA,NA,NA,NA
141,3,1.98943678864869,23.28691,14.171323,7,24.729075,24.692564,24.137799,22.441099,22.40656,23.140418,24.74981,NA,NA,NA,NA,15.072622,15.23794,15.407342,14.706951,14.657306,13.357286,14.706524,NA,NA,NA,NA
142,3,1.98943678864869,20.967342,12.594222,5,21.088088,20.17717,20.21551,21.030938,21.907935,NA,NA,NA,NA,NA,NA,13.890185,13.436598,12.240084,11.927089,12.805245,NA,NA,NA,NA,NA,NA
143,3,1.98943678864869,21.095075,4.089423,7,22.090379,21.993077,20.300971,20.192861,20.921432,21.998609,22.419225,NA,NA,NA,NA,4.974866,5.09561,4.575477,4.074303,3.161236,3.249501,3.872108,NA,NA,NA,NA
144,3,1.98943678864869,19.377111,4.460012,7,20.300971,19.681662,18.68105,18.257726,18.661757,18.713091,20.192861,NA,NA,NA,NA,4.575477,5.415985,5.33272,4.362328,3.399335,3.369926,4.074303,NA,NA,NA,NA
145,3,1.98943678864869,19.981118,14.574812,7,20.687004,19.983818,19.122947,19.281786,20.17717,21.088088,21.177928,NA,NA,NA,NA,15.227909,15.308341,13.951849,13.674212,13.436598,13.890185,14.122655,NA,NA,NA,NA
146,3,1.98943678864869,23.199817,8.975579,7,24.328629,23.919341,22.985782,22.343638,23.021312,23.966688,24.333628,NA,NA,NA,NA,9.060782,9.815022,9.761637,8.744699,7.864644,8.132301,8.655734,NA,NA,NA,NA
147,3,1.98943678864869,13.588708,3.151239,4,14.132262,13.487358,12.679061,14.118017,NA,NA,NA,NA,NA,NA,NA,3.28505,4.45126,3.092285,0.760344,NA,NA,NA,NA,NA,NA,NA
148,3,1.98943678864869,19.321245,14.993586,5,19.983818,18.924165,18.20434,18.228385,19.122947,NA,NA,NA,NA,NA,NA,15.308341,16.157733,14.976333,14.666037,13.951849,NA,NA,NA,NA,NA,NA
149,3,1.98943678864869,23.380228,1.896705,4,23.811903,22.875063,22.965686,24.412534,NA,NA,NA,NA,NA,NA,NA,2.491415,2.191429,0,0,NA,NA,NA,NA,NA,NA,NA
150,3,1.98943678864869,21.530729,16.66805,6,22.002332,20.857829,20.550586,21.026091,21.963612,22.498691,NA,NA,NA,NA,NA,17.971374,17.43254,16.964598,15.943594,16.022585,16.637674,NA,NA,NA,NA,NA
151,3,1.98943678864869,19.442548,12.545364,6,20.17717,19.281786,18.411681,18.491648,19.830011,20.21551,NA,NA,NA,NA,NA,13.436598,13.674212,12.530299,12.221614,11.846229,12.240084,NA,NA,NA,NA,NA
152,3,1.98943678864869,24.429511,11.266278,5,25.413552,24.185295,23.466238,24.081848,25.251835,NA,NA,NA,NA,NA,NA,11.378678,12.182765,11.488719,10.326093,10.851073,NA,NA,NA,NA,NA,NA
153,3,1.98943678864869,19.223293,6.308473,6,20.331635,19.126084,18.170113,18.112159,18.68105,19.681662,NA,NA,NA,NA,NA,6.489696,7.283831,6.499132,6.221836,5.33272,5.415985,NA,NA,NA,NA,NA
154,3,1.98943678864869,14.380585,8.467492,5,15.101661,13.924726,13.436732,13.641903,15.108904,NA,NA,NA,NA,NA,NA,8.803933,9.411291,8.117141,7.62069,8.233512,NA,NA,NA,NA,NA,NA
155,3,1.98943678864869,12.9592,9.003463,6,13.924726,13.855983,13.450041,11.828629,11.833628,13.436732,NA,NA,NA,NA,NA,9.411291,9.646939,9.812626,9.060782,8.655734,8.117141,NA,NA,NA,NA,NA
156,3,1.98943678864869,14.534565,3.67429,9,14.85346,14.422038,14.18337,13.941863,13.535375,13.487358,14.132262,14.831668,15.328566,NA,NA,5.163881,5.531057,5.60025,5.422969,4.889063,4.45126,3.28505,3.469698,4.186745,NA,NA
157,3,1.98943678864869,17.829914,10.489559,6,18.184481,17.070268,17.179841,18.126233,18.832344,18.943633,NA,NA,NA,NA,NA,11.375202,11.14083,10.217391,9.579737,9.985254,10.343871,NA,NA,NA,NA,NA
158,3,1.98943678864869,18.823681,1.16976,7,20.165951,19.970989,19.283196,18.379257,18.280407,18.912863,19.408684,NA,NA,NA,NA,1.431946,1.859363,2.250763,1.650012,0.806957,0,0,NA,NA,NA,NA
159,3,1.98943678864869,20.684946,5.423659,6,21.916288,20.471801,20.331635,19.681662,20.300971,21.993077,NA,NA,NA,NA,NA,5.663647,6.530288,6.489696,5.415985,4.575477,5.09561,NA,NA,NA,NA,NA
160,3,1.98943678864869,17.403742,3.63207,5,18.257726,17.115679,16.283403,16.455216,18.661757,NA,NA,NA,NA,NA,NA,4.362328,4.478237,3.338119,2.277464,3.399335,NA,NA,NA,NA,NA,NA
161,3,1.98943678864869,24.598513,5.52897,6,24.138777,23.96414,23.844552,24.304442,26.035375,26.441863,NA,NA,NA,NA,NA,6.248789,6.149553,5.406104,4.675954,4.889063,5.422969,NA,NA,NA,NA,NA
162,3,1.98943678864869,15.291823,18.213777,6,16.091046,15.648575,13.679747,13.710358,14.018639,16.033055,NA,NA,NA,NA,NA,18.286745,18.734561,18.499204,18.034906,16.973341,17.87092,NA,NA,NA,NA,NA
163,3,1.98943678864869,18.762733,8.865279,6,19.684965,18.832344,18.126233,17.709899,19.122531,19.695961,NA,NA,NA,NA,NA,8.944823,9.985254,9.579737,8.556596,7.930554,8.509401,NA,NA,NA,NA,NA
164,3,1.98943678864869,17.707539,15.976814,6,18.924165,18.913407,18.786109,16.863527,16.955089,18.20434,NA,NA,NA,NA,NA,16.157733,16.719404,16.876348,16.267265,15.635211,14.976333,NA,NA,NA,NA,NA
165,3,1.98943678864869,19.888846,17.746086,6,20.857829,20.134871,18.546275,18.786109,18.913407,20.550586,NA,NA,NA,NA,NA,17.43254,18.276961,17.670921,16.876348,16.719404,16.964598,NA,NA,NA,NA,NA
166,3,1.98943678864869,14.763448,7.550976,5,15.485063,15.108904,13.641903,13.603588,14.141739,NA,NA,NA,NA,NA,NA,7.803977,8.233512,7.62069,7.039998,5.841789,NA,NA,NA,NA,NA,NA
167,3,1.98943678864869,17.835794,1.285591,5,18.379257,16.430074,15.495659,15.493494,18.280407,NA,NA,NA,NA,NA,NA,1.650012,2.203813,0.924282,0.920602,0.806957,NA,NA,NA,NA,NA,NA
168,3,1.98943678864869,21.548525,6.863042,5,22.664098,22.63915,21.009361,20.471801,21.916288,NA,NA,NA,NA,NA,NA,6.760216,7.12946,7.646588,6.530288,5.663647,NA,NA,NA,NA,NA,NA
169,3,1.98943678864869,13.763786,14.339928,6,14.451051,12.229075,12.24981,12.72254,13.049388,14.459783,NA,NA,NA,NA,NA,14.422528,15.072622,14.706524,13.599378,13.414271,13.661911,NA,NA,NA,NA,NA
170,3,1.98943678864869,24.951165,6.512461,6,26.103588,24.5087,24.138777,26.441863,26.68337,26.641739,NA,NA,NA,NA,NA,7.039998,7.133764,6.248789,5.422969,5.60025,5.841789,NA,NA,NA,NA,NA
171,3,1.98943678864869,18.150991,13.527774,6,19.281786,19.122947,18.228385,17.382469,17.67626,18.411681,NA,NA,NA,NA,NA,13.674212,13.951849,14.666037,13.977505,12.851162,12.530299,NA,NA,NA,NA,NA
172,3,1.98943678864869,24.122531,16.907849,6,24.173689,23.906364,23.348468,24.137799,24.692564,25.26618,NA,NA,NA,NA,NA,17.545474,17.666509,16.348226,15.407342,15.23794,15.881349,NA,NA,NA,NA,NA
173,3,1.98943678864869,15.792321,17.090521,6,16.600308,16.033055,14.018639,14.01731,15.181191,16.560033,NA,NA,NA,NA,NA,17.216073,17.87092,16.973341,16.954544,16.21881,16.572767,NA,NA,NA,NA,NA
174,3,1.98943678864869,15.510251,7.039711,6,16.265215,16.446032,15.485063,14.141739,14.18337,14.422038,NA,NA,NA,NA,NA,6.593656,7.590815,7.803977,5.841789,5.60025,5.531057,NA,NA,NA,NA,NA
175,3,1.98943678864869,20.060599,7.579561,7,21.009361,20.933469,19.695961,19.122531,19.126084,20.331635,20.471801,NA,NA,NA,NA,7.646588,7.999083,8.509401,7.930554,7.283831,6.489696,6.530288,NA,NA,NA,NA
176,3,1.98943678864869,24.619099,18.004595,7,26.179747,26.125194,24.584932,23.729486,23.906364,24.173689,26.210358,NA,NA,NA,NA,18.499204,18.644113,18.925634,18.016689,17.666509,17.545474,18.034906,NA,NA,NA,NA
177,3,1.98943678864869,23.967529,13.359471,5,25.22254,24.74981,23.140418,23.127815,24.205605,NA,NA,NA,NA,NA,NA,13.599378,14.706524,13.357286,13.288475,12.462956,NA,NA,NA,NA,NA,NA
178,3,1.98943678864869,17.09811,14.82132,6,18.20434,16.955089,16.084646,16.236185,17.382469,18.228385,NA,NA,NA,NA,NA,14.976333,15.635211,14.733297,14.095989,13.977505,14.666037,NA,NA,NA,NA,NA
179,3,1.98943678864869,21.698155,11.864374,6,22.301278,21.907935,21.030938,21.46471,21.97296,22.716287,NA,NA,NA,NA,NA,12.657943,12.805245,11.927089,10.63768,10.747566,11.555781,NA,NA,NA,NA,NA
180,3,1.98943678864869,24.779079,17.33887,6,26.518639,26.210358,24.173689,25.26618,26.026043,26.51731,NA,NA,NA,NA,NA,16.973341,18.034906,17.545474,15.881349,16.383852,16.954544,NA,NA,NA,NA,NA
181,3,1.98943678864869,16.272915,5.716801,5,17.077549,16.265215,14.422038,14.85346,16.776231,NA,NA,NA,NA,NA,NA,5.918323,6.593656,5.531057,5.163881,5.083733,NA,NA,NA,NA,NA,NA
182,3,1.98943678864869,19.977857,3.197952,5,20.921432,20.192861,18.713091,19.283196,19.970989,NA,NA,NA,NA,NA,NA,3.161236,4.074303,3.369926,2.250763,1.859363,NA,NA,NA,NA,NA,NA
183,3,1.98943678864869,16.83981,17.997894,5,17.99623,16.091046,16.033055,16.600308,18.245597,NA,NA,NA,NA,NA,NA,19.454251,18.286745,17.87092,17.216073,18.108853,NA,NA,NA,NA,NA,NA
184,3,1.98943678864869,16.484125,10.329873,7,17.070268,16.313019,16.105326,15.444222,15.95405,16.19995,17.179841,NA,NA,NA,NA,11.14083,11.591286,11.467731,10.526687,9.479978,9.392887,10.217391,NA,NA,NA,NA
185,3,1.98943678864869,23.211273,17.293493,7,23.906364,23.729486,22.526206,22.123296,22.002332,22.498691,23.348468,NA,NA,NA,NA,17.666509,18.016689,18.354592,18.237015,17.971374,16.637674,16.348226,NA,NA,NA,NA
186,3,1.98943678864869,15.127559,3.263358,6,16.283403,15.328566,14.831668,15.495659,16.430074,16.455216,NA,NA,NA,NA,NA,3.338119,4.186745,3.469698,0.924282,2.203813,2.277464,NA,NA,NA,NA,NA
187,3,1.98943678864869,22.662796,15.683241,5,23.348468,22.498691,21.963612,22.441099,24.137799,NA,NA,NA,NA,NA,NA,16.348226,16.637674,16.022585,14.706951,15.407342,NA,NA,NA,NA,NA,NA
188,3,1.98943678864869,13.916691,14.862545,6,13.526043,12.76618,12.192564,12.229075,14.451051,14.541112,NA,NA,NA,NA,NA,16.383852,15.881349,15.23794,15.072622,14.422528,14.639917,NA,NA,NA,NA,NA
189,3,1.98943678864869,16.173605,19.085035,6,17.99623,18.013926,17.965869,15.739612,15.648575,16.091046,NA,NA,NA,NA,NA,19.454251,19.55946,20,20,18.734561,18.286745,NA,NA,NA,NA,NA
190,3,1.98943678864869,14.906435,11.438234,5,16.105326,14.509203,13.90922,14.616587,15.444222,NA,NA,NA,NA,NA,NA,11.467731,12.137162,11.750234,10.503599,10.526687,NA,NA,NA,NA,NA,NA
191,3,1.98943678864869,15.14003,14.355729,8,16.084646,15.5131,14.541112,14.451051,14.459783,14.932465,15.785349,16.236185,NA,NA,NA,14.733297,15.14205,14.639917,14.422528,13.661911,13.329294,13.391237,14.095989,NA,NA,NA
192,3,1.98943678864869,12.52092,7.698939,6,13.436732,11.833628,11.466688,12.0087,13.603588,13.641903,NA,NA,NA,NA,NA,8.117141,8.655734,8.132301,7.133764,7.039998,7.62069,NA,NA,NA,NA,NA
193,3,1.98943678864869,22.395957,1.856002,5,22.875063,22.098766,21.469101,22.559806,22.965686,NA,NA,NA,NA,NA,NA,2.191429,2.834007,1.097246,0,0,NA,NA,NA,NA,NA,NA
194,3,1.98943678864869,23.663515,18.903935,5,23.853301,23.564968,22.526206,23.729486,24.584932,NA,NA,NA,NA,NA,NA,20,20,18.354592,18.016689,18.925634,NA,NA,NA,NA,NA,NA
195,3,1.98943678864869,23.167154,5.75921,6,23.96414,22.664098,21.916288,21.993077,22.090379,23.844552,NA,NA,NA,NA,NA,6.149553,6.760216,5.663647,5.09561,4.974866,5.406104,NA,NA,NA,NA,NA
196,3,1.98943678864869,23.278024,12.459261,6,24.205605,23.127815,22.301278,22.716287,23.466238,24.185295,NA,NA,NA,NA,NA,12.462956,13.288475,12.657943,11.555781,11.488719,12.182765,NA,NA,NA,NA,NA
197,3,1.98943678864869,18.108592,2.245742,6,18.713091,18.661757,16.455216,16.430074,18.379257,19.283196,NA,NA,NA,NA,NA,3.369926,3.399335,2.277464,2.203813,1.650012,2.250763,NA,NA,NA,NA,NA
198,3,1.98943678864869,17.386326,16.990728,6,18.546275,18.245597,16.600308,16.560033,16.863527,18.786109,NA,NA,NA,NA,NA,17.670921,18.108853,17.216073,16.572767,16.267265,16.876348,NA,NA,NA,NA,NA
199,3,1.98943678864869,23.7557,7.01217,7,24.5087,23.966688,23.021312,22.63915,22.664098,23.96414,24.138777,NA,NA,NA,NA,7.133764,8.132301,7.864644,7.12946,6.760216,6.149553,6.248789,NA,NA,NA,NA
200,3,1.98943678864869,20.146826,16.023534,6,20.550586,18.913407,18.924165,19.983818,20.687004,21.026091,NA,NA,NA,NA,NA,16.964598,16.719404,16.157733,15.308341,15.227909,15.943594,NA,NA,NA,NA,NA
